date,serie1,serie2,serie3,serie4
01-14-2020,395.85898246205636,272.94868797194476,442.81165680999686,362.31976198269666
01-15-2020,390.6844217929952,257.5925669223048,445.5971184684978,363.5721948984121
01-16-2020,422.0129679651058,261.6252660548056,420.4210616604488,332.64007329083177
01-17-2020,430.9158499681853,293.26590140465504,411.0963063075488,308.8122376876239
01-18-2020,453.813367776689,302.30833703239404,415.33252831778844,284.7736088535491
01-19-2020,458.43277356258943,289.0709251913231,415.3760391093657,277.0985101856487
01-20-2020,476.9368997214976,311.3394388843521,387.1468895640756,283.23391324472766
01-21-2020,467.53711817343884,326.3275560873146,357.65918255401795,266.5299926027896
01-22-2020,464.15904381582953,332.7059835054719,360.08512861720163,304.6214278791071
01-23-2020,457.68781236760884,315.7008614461948,358.9806583280662,293.8771968731098
01-24-2020,473.15794194124385,334.7639931920804,366.56795317471546,301.7038223239773
01-25-2020,491.42329011480433,325.4409325519725,344.4311735374846,328.10822781473047
01-26-2020,521.8208394767981,326.45491194221495,372.4806364030928,299.1416697062522
01-27-2020,514.2284776940204,344.3614635338345,371.674075268792,326.73906761943965
01-28-2020,521.2872202843894,339.9809687302901,387.1108614921832,315.6059450910174
01-29-2020,549.4531419247052,362.048061197362,379.33749204903023,316.7884235310036
01-30-2020,541.1585888205329,382.74208231345244,384.17794726919885,332.91695498206565
01-31-2020,531.8813453324997,345.3187876855938,385.5261865682382,361.6012083466714
02-01-2020,511.20137259277357,315.9008019053508,379.92455457650914,380.342517444297
02-02-2020,507.50961039011446,345.97836435526307,396.06778438596774,392.3861488693951
02-03-2020,485.57481470529166,333.0416179615695,432.1666308872207,355.65458166578804
02-04-2020,472.16286199775635,324.5966324294778,435.1473761028192,371.86929736526366
02-05-2020,476.55219913773726,347.05277195010325,444.6957781392045,335.9709195431302
02-06-2020,462.1934195371088,368.7699160827834,453.52497626518965,353.91466475972413
02-07-2020,445.54115013727943,342.9774529537276,438.226579233376,337.7699572167808
02-08-2020,440.69889730527944,347.5702751744553,451.1566502113806,318.97920350596377
02-09-2020,425.0477998229562,334.28924296933826,418.3242734114905,323.86286822925143
02-10-2020,444.0585101902831,334.198371890424,405.8743601431288,331.2385984425108
02-11-2020,433.9710171813435,359.76496400528015,426.34179451713305,315.3699342039709
02-12-2020,398.1955653260106,341.81508052280776,435.68030177821146,320.2369340191952
02-13-2020,368.2532097794024,348.0568796552508,434.191994603554,304.6021125713652
02-14-2020,366.48399152922474,352.3351987953686,447.2922680565403,300.44757676722935
02-15-2020,385.97161337506714,350.2048019512264,425.57590658677753,304.7946565256084
02-16-2020,385.1805913809834,354.06368610324574,398.42270584686827,278.54233210611613
02-17-2020,425.67175172678265,368.4080606207443,372.7619866853451,305.4190867329711
02-18-2020,427.6416405983154,394.8319034735027,393.8480156687246,316.4388754156089
02-19-2020,429.917814263251,399.01988983106884,396.83008318683545,355.50246873255344
02-20-2020,451.91579909543765,359.2981858104804,398.37020013932954,350.36259450344613
02-21-2020,456.94216794937586,349.5833239127438,423.98850747177266,379.09490204147403
02-22-2020,465.0835353155809,351.01519539010593,400.9764465377479,382.2297703862535
02-23-2020,460.2205709755016,371.3575109156024,406.8302553025377,381.9411773015253
02-24-2020,446.9012065799814,359.7182897029834,425.3041615212733,345.7433481168405
02-25-2020,460.893729708086,326.28271895198753,422.380239160112,366.51148250216363
02-26-2020,473.18692760875257,309.4125655535655,414.94509085846624,355.8566208804834
02-27-2020,484.07897533776753,286.71658901973905,408.16665671008275,351.3320488153039
02-28-2020,487.1366090952125,302.0274026005168,372.59862626764607,338.83126399369604
02-29-2020,475.1023685349775,341.74806647514276,375.4343330404322,322.89085026881077
03-01-2020,487.47841504556607,328.14046622417106,383.6609636443109,350.7924771630551
03-02-2020,461.9517339884023,332.2559817373999,399.48406685706743,357.69732161042333
03-03-2020,478.12145508335533,336.1494046873707,368.179991698978,342.49205301738306
03-04-2020,465.6611267919757,315.97245585806695,330.151954072271,316.79202144086554
03-05-2020,451.03279010172116,323.0893025808847,290.66120089692976,287.8006390759774
03-06-2020,472.56747686097873,323.3559610453967,294.25764572277154,262.043823847952
03-07-2020,441.0555782195848,317.91271516216017,310.4284703851717,283.60862928650715
03-08-2020,448.9426782490106,330.0925717032752,307.691545413147,294.8474655824055
03-09-2020,459.4934659705259,336.8538370154369,283.54842773433285,317.1622012845496
03-10-2020,426.96788584037415,338.80255541569755,286.6192424404623,287.0140164829634
03-11-2020,454.83072676438445,374.472248714572,275.10731762685595,290.257791213693
03-12-2020,440.1625956878094,384.78106072613633,312.3542409466719,286.64301013880043
03-13-2020,438.93915279939847,370.47112257913153,328.5847637454344,292.47593918336395
03-14-2020,430.08615559262745,330.500046186532,324.3012998465332,299.93832150654373
03-15-2020,419.55356687684144,324.51565634624956,316.1886453548041,301.0122723700827
03-16-2020,431.52309498263674,329.2629877559124,308.19486220942684,289.4400095488775
03-17-2020,418.58489821703057,309.05647492222477,320.4229278078774,311.1422688313795
03-18-2020,440.20748158825114,312.77658032373256,348.07212101802406,305.32723534599285
03-19-2020,451.5203808279897,316.0599827401972,385.34524902515193,322.7138179186348
03-20-2020,420.2367518928604,349.4949908793479,355.1273978376521,338.367632137295
03-21-2020,420.06793561317915,342.5265627746141,359.6344322157548,318.37783345827796
03-22-2020,425.1326883631663,333.01009738019366,385.5416579619543,326.85766784312335
03-23-2020,428.19831589554593,320.79594697520264,408.85980573879345,334.8362332259013
03-24-2020,441.6501817511764,331.26105262307243,385.1791411732794,349.61601212091415
03-25-2020,427.20344380495413,307.71245640295376,400.00390132535085,360.15330258127335
03-26-2020,470.25244023029927,296.7529148450005,379.95792826347014,395.2416529811467
03-27-2020,450.778280458669,301.90257583004296,391.1723217346677,376.58467934304906
03-28-2020,449.0192716741558,321.78829312797353,418.3333945288741,363.98406556194783
03-29-2020,458.14551796577365,334.67458537165857,433.23617173834856,361.373354764187
03-30-2020,448.094122320675,330.11742803375125,444.882310600157,354.4816094922208
03-31-2020,439.27048908377844,324.74067260240867,465.2371680515133,322.2414353583363
04-01-2020,451.75690938587485,302.8941164001082,441.8712633118875,319.3361709295161
04-02-2020,451.1410916690083,291.0366109524486,421.1500144435374,337.5883428644375
04-03-2020,451.5015158415813,266.1061544523864,447.1145303921215,346.2660362564125
04-04-2020,458.1602825623568,271.031809736607,425.1499160486957,356.49513693397455
04-05-2020,450.7206014937118,264.2643128843825,405.89240006398234,334.6732211894959
04-06-2020,438.4280114430887,290.1933133757811,403.437160757292,317.7356942548924
04-07-2020,440.9718531462552,304.2317155943337,407.35578236086747,298.6798512091082
04-08-2020,435.52754681506127,316.6262423453819,430.64236592576947,273.55469705107083
04-09-2020,435.64035695540485,342.842029962893,448.97492102870956,274.72091062330526
04-10-2020,449.21954671790814,339.0522675568813,436.26446266028995,282.77001060188803
04-11-2020,456.19420609638576,359.51018194087465,412.13450495797144,279.45498106786016
04-12-2020,471.7357143478316,359.60175631451455,399.8989703151951,250.06276095167658
04-13-2020,454.7200816353341,334.35734943113977,382.4387381536083,248.04645078333422
04-14-2020,479.70574705966555,327.2899492408037,379.9603187623865,240.38540422124922
04-15-2020,463.77126713875316,344.7700914408107,372.916774067692,242.6704191060302
04-16-2020,470.3433938404582,360.9241897347429,358.354800388108,221.51184775527105
04-17-2020,482.36932023248085,354.9057401390467,329.4489072138766,232.2612197765517
04-18-2020,478.35044829791735,331.4575708623068,339.69015363356186,218.59167331868187
04-19-2020,498.53697762473513,347.3687781860585,334.2948414248912,237.39639755063993
04-20-2020,488.55914749404155,352.2621105483443,329.49891130262915,256.84961374199406
04-21-2020,493.5459101334022,328.66766771040545,327.38303676580136,265.6097733840359
04-22-2020,492.13977099167334,329.12434846468295,298.4201819713163,289.23960720339784
04-23-2020,481.8684246767286,314.00859254653426,276.9587757268591,256.87913296194773
04-24-2020,474.15778505356906,334.6795248631671,267.091683463758,266.47779249750283
04-25-2020,463.6223463871501,328.8823233777809,271.3332260051278,308.2548949929113
04-26-2020,461.0463537287873,330.76357725334367,280.823150173847,298.7979122099694
04-27-2020,473.1620505141163,323.46673334757054,268.031612452494,317.0603141546656
04-28-2020,468.63090967335467,337.94049367312425,264.67724965314636,337.96540561736714
04-29-2020,482.9462821020126,326.2395917052607,301.3957879271466,335.3908819473184
04-30-2020,463.13941827253336,328.3710466831083,329.9988920595614,351.49872022112
05-01-2020,453.21034169338407,340.896410497155,369.0785061317005,351.3714075218214
05-02-2020,450.02898636917627,363.2329138851795,378.21226278499563,367.73596738637355
05-03-2020,442.67061335494793,358.92746251045827,393.368405429018,359.6401197843068
05-04-2020,455.4426227864597,321.14671482835155,403.2150144821341,351.4316667113285
05-05-2020,459.029203498943,336.26184513395185,404.3390650026954,358.9364708921503
05-06-2020,444.7965506287128,336.880458947728,397.8610447991609,334.24490513074625
05-07-2020,434.9103848167093,322.7204604486947,400.12205288536796,348.98643417604
05-08-2020,435.2070256568365,316.3015804723865,406.4579578703511,329.05862099724726
05-09-2020,457.727627617067,302.36433511266716,418.0295918134204,312.5286331257208
05-10-2020,434.56153160557716,273.95313795912557,442.3895819779292,319.1987379252699
05-11-2020,436.33099035385743,305.35067502969525,479.10915561004686,298.59892312628097
05-12-2020,413.2663037029211,307.1101538200386,474.9935083304846,315.519327507593
05-13-2020,419.6901936840804,315.5431564251261,449.04108487558005,316.3414619257573
05-14-2020,408.6300369385559,328.9482896300298,418.52964043341893,294.80920780696863
05-15-2020,440.29117759678644,321.3360247047125,406.6065400385245,288.42895289964395
05-16-2020,461.6950925733417,327.329477618523,421.14325783212104,282.1598037206932
05-17-2020,452.1162577486974,304.37112633569706,399.7382472217093,263.4262305220941
05-18-2020,446.9675624617911,310.82716913242206,408.644337424403,254.95716435395497
05-19-2020,432.2044191416752,323.33098626785704,410.70759323474937,242.73934913161165
05-20-2020,428.24346622275687,323.53615340781226,412.40003151457137,272.0314683221453
05-21-2020,413.7096427903713,351.8159455879157,398.02428772643054,285.8578395633755
05-22-2020,428.9101000835976,345.8352565175815,403.8275125708548,283.90575168664947
05-23-2020,415.60970752349147,333.92767359729567,404.62557616071996,292.47680303492695
05-24-2020,454.9350979981553,329.02755908329243,386.3674063871991,312.40526282909786
05-25-2020,441.82562157198936,317.0922644114188,367.97106816799413,320.0240878607786
05-26-2020,438.8645789914446,300.0695208671261,347.56330311759604,314.4106241084004
05-27-2020,422.13661496737376,303.0918660286337,375.1968835718878,313.80487923915564
05-28-2020,456.0817049716067,273.1467541915415,414.93148554195056,343.901513728039
05-29-2020,442.5754747453405,259.4777049714716,424.7585566296119,351.9846701136621
05-30-2020,432.1660981857299,265.57834051299886,386.8704643355763,357.9669156382811
05-31-2020,424.49058780865386,266.77244067924545,402.44183780374266,371.78748023673205
06-01-2020,414.41328261206553,282.2796869915662,405.15345982082107,356.7694822135132
06-02-2020,426.02685994354414,268.977170152689,418.02803295558454,392.3515365717481
06-03-2020,465.1552969953955,267.53231196302903,434.28382635871304,395.2928938444151
06-04-2020,486.08014332868964,234.97324740574444,446.2011702260157,396.89005228212847
06-05-2020,469.3583744600475,235.72725171683868,462.0476005334176,407.06540433878575
06-06-2020,474.5112820975929,255.3812993144932,460.7160339871129,407.8256965612587
06-07-2020,441.5280490270014,276.50569183576266,456.20431571074016,411.1771207712568
06-08-2020,459.2528962235396,277.924939273813,459.4872754161418,424.64655434524127
06-09-2020,473.96369044776054,280.39004591416386,492.50330478469397,415.4383907053824
06-10-2020,474.3530453703003,296.21141405614486,464.49656944916006,440.70880361768667
06-11-2020,464.0098481385091,337.52265092172837,431.48446977070256,416.49312001461885
06-12-2020,458.97790227839727,368.3490172453148,420.6661122139166,405.35811226168687
06-13-2020,463.7071565035186,349.73771125208435,444.8311396479157,376.4586690928184
06-14-2020,447.7559193469451,339.84652077102544,441.14351070094256,398.06191537150806
06-15-2020,454.2168452083997,333.61446704739467,428.2213924681779,423.3642920334837
06-16-2020,436.7216937005186,332.71783123558174,406.5882642823472,414.9496875680106
06-17-2020,412.01994242663267,319.6886275069072,416.8190813017996,383.00489435437123
06-18-2020,410.3104704805283,321.4992097407732,428.2226228416535,387.2436897946795
06-19-2020,404.2670331561802,345.82665439820033,419.9964863742734,401.61346224424426
06-20-2020,400.9900337729772,322.29527567419535,400.30625820898547,377.0802253811031
06-21-2020,418.545530994963,339.5379482125788,407.4375883638149,376.43895358075724
06-22-2020,436.0129228753846,321.4027418793984,402.8421042536989,371.6662915730105
06-23-2020,420.8496436801084,344.8058842823585,389.92205213421454,363.0202994413572
06-24-2020,410.5745332392381,312.4296796060197,404.851451558834,366.8808984411367
06-25-2020,381.8507090171617,302.30701197421394,435.5904201410358,363.6504594177112
06-26-2020,388.3780996437873,272.7050705923258,414.8196359501781,346.4524521977425
06-27-2020,393.97500692951246,293.1002438180008,424.6238916555426,370.9815699593076
06-28-2020,425.83849575109514,293.26423993111666,409.0690286858307,336.3756484688981
06-29-2020,444.5775529609499,294.87830514505407,393.5636595370484,325.8878011879093
06-30-2020,478.13308260804416,285.69852136466164,407.5057613900149,300.795997017517
07-01-2020,493.89398309872325,285.44952556408236,409.94781189613525,324.10127499363347
07-02-2020,466.61204523557114,305.73367056904266,419.1481277330725,305.7867298195434
07-03-2020,496.5805823870401,271.5908181988759,432.0803338431028,310.951698972875
07-04-2020,491.21777342734555,293.35241788559966,444.3616025411401,320.76960567644153
07-05-2020,498.32580888740307,289.71825783576253,448.84383258372407,330.9023373180293
07-06-2020,466.1363781735923,297.34600218111166,472.25990803238653,300.8780023513464
07-07-2020,483.18512019685903,283.133836301397,477.8277618177493,300.5262170262683
07-08-2020,471.7251165375334,308.1325823232508,478.13560462440046,303.1500964876541
07-09-2020,511.08309857490065,279.9715420195949,462.26645371172606,299.716044124777
07-10-2020,490.9339322257012,289.75622012162614,460.48141975066756,307.06831101601426
07-11-2020,478.4587283741783,272.17893139644116,455.7585898235088,315.46408145051606
07-12-2020,449.19624579920037,283.3753293853792,477.56475391627725,338.5003389188129
07-13-2020,429.66752036968967,294.501475773967,504.8815159833437,325.7832246818377
07-14-2020,417.4823484460696,280.3188507646232,483.41366632123106,318.81493719545495
07-15-2020,409.1041820062857,286.79075249811405,486.19140676581435,324.5458999462102
07-16-2020,418.4444090394672,266.4000308118892,455.49569302168,309.69048660080716
07-17-2020,391.5862590866592,302.71793143104605,424.5022202679021,286.90386214917663
07-18-2020,400.4037067627207,290.425622051409,447.4742164934875,271.4893997507974
07-19-2020,390.62352083760004,276.23671248527234,442.04858529228477,271.9204481509143
07-20-2020,384.82870871701397,303.3504446059231,410.61182398689294,291.91049061127893
07-21-2020,385.86550007871153,300.41330283258316,386.3036244873944,277.1549416909161
07-22-2020,417.12619855309356,298.595004520326,394.2625246205387,266.97957696098166
07-23-2020,395.89894643866006,333.5071986560659,400.6122090302574,271.10444973945977
07-24-2020,409.8332504434081,355.85634555714125,396.94045577956484,249.86584098427494
07-25-2020,409.055260410121,343.8451971961444,374.3641675342362,231.12445335829486
07-26-2020,437.9989385260233,368.9563671377974,363.46541063509096,226.11496848292617
07-27-2020,435.8499914713824,365.10592664494624,327.90282790915865,223.07807152161178
07-28-2020,425.45707143421083,389.2912372976451,335.16211035676133,235.906185412351
07-29-2020,405.9681873344943,394.65907132025814,308.42125777433296,231.1555019301147
07-30-2020,409.75626855534887,412.5308838958246,321.057594034479,222.25956671287022
07-31-2020,432.4684266651216,391.81654472369667,350.8810331040781,224.07812458204498
08-01-2020,427.04652721186505,377.9378689905788,336.1223407732558,232.42112506170952
08-02-2020,416.8900304069067,380.6068903629692,343.9665153957195,201.54719888637922
08-03-2020,446.76097415015704,357.33211038454107,334.6115738021375,200.3076548453926
08-04-2020,454.95446995050713,362.57265083988256,350.7732469860015,225.73225174808104
08-05-2020,461.03420519758316,361.16699756462793,344.23155191618906,228.48630621730516
08-06-2020,478.5917498874675,326.60878071382984,336.9999614789912,232.22779652462026
08-07-2020,482.883525963637,305.0549547746062,370.5328762505609,251.0757841662848
08-08-2020,472.43298202050624,312.1276837149007,390.7019865360709,269.8298113243282
08-09-2020,439.9885403301344,286.51143502756696,412.25849669173016,254.2833774918788
08-10-2020,428.0696691468426,288.3372229840637,446.31009084485567,290.814894212707
08-11-2020,430.2798894741016,269.49842838706655,437.56044612754005,309.8368827597161
08-12-2020,455.49717490950286,248.22141665061378,450.67094713903754,292.78146479401283
08-13-2020,483.0916767332574,248.1244092131878,453.1523233972686,335.36550472978973
08-14-2020,464.48869640398055,229.0677910195275,440.0752087261171,358.28840088339496
08-15-2020,468.19473440492584,243.3280109635103,444.9095227745567,365.0164942399707
08-16-2020,479.66571547473916,245.49793020116567,436.8750574229911,379.0408142687819
08-17-2020,477.97613724095294,232.65214803518842,475.2313420522046,394.14195204109956
08-18-2020,462.66270400930733,249.4675398433511,489.4899234842117,379.8986554792651
08-19-2020,437.42051945053225,266.491208870228,496.97495354583,385.9122673975241
08-20-2020,412.44295187957465,273.4141993800987,510.97655298274196,410.7667329862121
08-21-2020,413.2417266403839,270.21818129236675,495.03989352388146,431.36462545786253
08-22-2020,410.9997655915495,256.3802254665107,464.5831091992813,399.02671320852016
08-23-2020,451.55105945330314,241.15574271769992,474.6060925765534,404.4228369934131
08-24-2020,462.23861230750055,216.04264334564022,446.523875519788,401.3123634331227
08-25-2020,486.22025928587647,250.075196825287,470.9857537632003,405.34424487726955
08-26-2020,459.7521759480214,280.84410350816876,470.19609232323586,387.7001588150106
08-27-2020,426.0678814388969,270.6170501761045,466.70945321864326,353.2537958029272
08-28-2020,447.02123991289733,282.3993647442156,470.7070674890705,326.80809100039784
08-29-2020,472.2703943681055,269.6741562154449,475.45351747862344,336.55090813494917
08-30-2020,456.3048656852419,274.7751843561285,488.9275245343987,342.11387763587925
08-31-2020,437.28003907050976,275.73024521851,493.55141021101065,326.94978402126264
09-01-2020,439.81930702602915,251.50217586843036,471.1952499091895,330.9234458463623
09-02-2020,465.84605022319295,225.19243342934607,465.2735594781744,335.2557456611048
09-03-2020,482.5298088862311,213.7958776949019,441.1501381353874,303.11501341487696
09-04-2020,488.8747297598371,241.88613355734293,454.59389083483376,294.25107880526974
09-05-2020,498.29091879915313,256.08239526458084,471.4649190021687,297.8396545017732
09-06-2020,487.55416412435846,279.3868762978495,451.2502479562282,296.6519688451386
09-07-2020,475.7758961248078,278.3669210355732,464.08742400404344,299.7728079344616
09-08-2020,469.60043052326506,275.4916564301938,442.05569814139295,270.39771077847115
09-09-2020,474.0200166282566,251.7138783491484,440.2247623658683,284.45943610951633
09-10-2020,471.40131005708605,258.5173978190579,449.39506152080446,283.0087315821781
09-11-2020,472.0787141564301,274.6268765033666,453.0476174499133,310.0648947624146
09-12-2020,435.888789503862,292.8621990067162,460.8966082548539,318.5541515043896
09-13-2020,464.8550379626914,263.163621271192,432.7132744906635,305.3108404360124
09-14-2020,475.19936933387453,271.8015426371113,396.8534998285765,318.96273044832395
09-15-2020,462.517531196395,285.0043277018542,386.2309478310966,344.4217744449798
09-16-2020,439.4263612831365,277.409488534412,387.97987243684753,309.9726459115853
09-17-2020,447.19678731580694,302.9485364642582,398.31932292127846,307.3061541346632
09-18-2020,453.7335306752824,278.295321296964,380.6709789247297,308.30971736868435
09-19-2020,457.11011544339897,277.26932524474404,376.62441861102116,341.8470591481455
09-20-2020,445.535761008734,265.6074696093768,367.0079084613018,354.16156271930805
09-21-2020,462.71657213209744,270.17653879075306,381.0328594304459,320.9385740846328
09-22-2020,451.9141931948997,240.15515048861468,414.1771988991153,353.03469664069684
09-23-2020,445.0459038179237,245.34608540540648,397.18182351619527,380.2469921235174
09-24-2020,468.1649258879683,229.97392044912095,378.49999287370923,403.9176711933457
09-25-2020,469.1559919475167,236.49421007180925,347.1851119846114,377.2875201649736
09-26-2020,471.217053967704,217.66843643981264,312.34266582006904,346.0601939412015
09-27-2020,458.53496430101796,245.47167141029104,328.63143057574774,356.74398410235364
09-28-2020,445.11156940696463,246.5965798753589,336.05653150729773,359.4920299722069
09-29-2020,465.68438183379516,222.88522340321836,338.52617108475704,349.2059232023379
09-30-2020,473.3621198182015,225.60192553356754,348.7291629831551,374.5810059114756
10-01-2020,442.7724401153074,210.22241581023886,346.56413329731504,404.92331136758185
10-02-2020,410.9496206301652,220.97285286830154,345.12054843977506,386.05724658006375
10-03-2020,431.97931662059136,230.56477180781465,356.62678814861704,351.7393974012201
10-04-2020,443.1253391317297,224.2131482601903,353.30090194789756,354.5523570193927
10-05-2020,426.2850754494286,229.0084075934918,331.283158766103,389.60308114013566
10-06-2020,432.27557775118447,224.38914807535016,300.18650931825334,381.8861811771312
10-07-2020,456.2439192079034,239.12747800854578,298.4570100809063,354.76024261899266
10-08-2020,461.10530675546704,279.05107154584806,291.5685606527875,335.123565307922
10-09-2020,442.9810163145182,247.45730711609556,305.73642229482846,329.6112552216429
10-10-2020,461.01286651355747,268.5018057120018,318.18800545716584,336.49361006759216
10-11-2020,463.75358569345616,256.92568137070845,320.03530391131716,321.781157379844
10-12-2020,471.45284861255794,263.00466605215945,321.02307536587625,294.1449157085302
10-13-2020,469.70402898176866,272.8440285213673,357.32597387401904,279.2222440382471
10-14-2020,479.0156432760671,296.9186054975924,358.01600002255316,258.4408436728407
10-15-2020,499.9047567257671,311.84655793547387,358.28123677996103,231.89141914116013
10-16-2020,502.57106832635594,288.12565326660695,364.3657118154433,220.44657345535398
10-17-2020,473.0444181212507,295.3940979043792,369.1234587035004,225.67696991222456
10-18-2020,459.25036440509314,300.2827077809011,397.8360415549969,228.65217345567606
10-19-2020,475.48529739971246,299.3374380545094,423.3657038651182,218.19791233723936
10-20-2020,485.66233238142104,314.5968688506715,442.5347576183057,219.59129617567663
10-21-2020,488.9896652214988,291.7143484978317,462.59197778174257,211.38293952214877
10-22-2020,480.08407502980907,262.06063157096673,464.2121193004606,242.61906033581133
10-23-2020,467.27123333222295,258.2923576751654,489.9488236785269,266.72414687561167
10-24-2020,467.1775979842824,268.4645942463798,499.0760614332775,286.7541443626014
10-25-2020,474.72291720479507,253.05475947714436,479.52942963792214,278.02149791626533
10-26-2020,472.69149594475806,262.9039665968661,469.300110786182,309.6242931205132
10-27-2020,459.7365220384891,270.1886637235981,461.07328000997,313.14127381198847
10-28-2020,451.0857128836929,277.5602017448946,429.0752032622102,305.98603516126394
10-29-2020,424.1883784199369,281.4922976420858,439.4015426338518,333.58245223362195
10-30-2020,453.9148985825053,320.4825001228758,423.3874816882315,373.9617416468467
10-31-2020,464.6054056942379,298.3346855697353,408.44152863932715,375.864882629851
11-01-2020,465.50100767730277,293.40733472068433,397.3986095588102,373.5647058463738
11-02-2020,481.9819962359453,291.856561074751,375.9480104473578,354.0515671826505
11-03-2020,449.5922025251598,311.47239035108333,370.3905478417014,331.23512178445435
11-04-2020,448.5188505265016,337.8675340573842,350.4898219939738,332.0343374531859
11-05-2020,424.88211837856426,346.99473030550513,380.1854941502806,290.64568502899914
11-06-2020,421.44855303410515,354.9981518339846,346.88898757932066,296.74304252951237
11-07-2020,394.7916449687674,344.7139879460247,348.7106876325005,299.7798615844366
11-08-2020,382.13239501130323,369.87259719097335,377.73081100527077,333.234036179729
11-09-2020,378.98712835392024,365.8132193832329,390.2964379513929,320.8092684198209
11-10-2020,392.5333897651493,358.61998541541504,364.5197460020758,316.45642435033807
11-11-2020,408.3272537123686,351.01926559389796,391.1581058074854,351.57781383208646
11-12-2020,444.4336103564169,355.05014719819354,397.25561978879375,354.2502243229657
11-13-2020,439.940378746286,329.2896173571052,418.05195461525193,328.0189373848596
11-14-2020,439.3023054702767,317.53519026098417,437.355703907822,344.91012701503115
11-15-2020,455.0293326663053,340.44821787009215,420.9657588358285,338.3818099636631
11-16-2020,456.40088744047085,357.50855567171453,412.62202774348276,367.37966771245493
11-17-2020,476.466060112196,346.67753292633114,427.5006640873753,371.3319298510975
11-18-2020,452.4741185376507,312.119474026259,444.5741120454906,392.12636178842394
11-19-2020,464.3572129878209,316.5928636815305,431.28250562517445,421.7016362378767
11-20-2020,478.20937038288247,323.99110593245405,453.8726990683499,394.0113899633602
11-21-2020,499.14049150878634,325.22445049115294,454.950471569395,376.3509593972341
11-22-2020,483.1317009581072,336.7560121620349,453.5726752502989,353.1670255481136
11-23-2020,488.0623951784837,311.8127452646573,459.54675433302583,367.0861429763084
11-24-2020,493.3039033887383,302.8328439383726,485.6862573569992,373.76898570284436
11-25-2020,483.2707662380299,295.0108203617428,470.4189211060933,338.74922518150663
11-26-2020,450.9468052921848,303.5866174362335,453.0024335145446,306.52062246900977
11-27-2020,426.6390037384863,315.1883108995181,455.20550378413753,308.513232159241
11-28-2020,409.76311779597523,338.7164420694567,447.42323235837904,303.21309238276774
11-29-2020,397.1013910922473,322.8360421897159,478.7018925688752,317.3237499486565
11-30-2020,387.6334206816484,317.66899130910423,473.00508547569956,282.5137940190247
12-01-2020,398.5593140146431,309.4168062057487,440.35062792346923,308.7287912861001
12-02-2020,411.12809533138824,320.1439525120716,447.3366032290208,308.94488715796916
12-03-2020,427.5657194885212,319.94471159560015,444.2661625515917,313.215475060606
12-04-2020,430.8907960694792,345.8059380320433,434.54633344031083,343.8391944982007
12-05-2020,440.6449719643895,356.5389485808428,441.106710527151,358.3000506454754
12-06-2020,460.2625820058039,338.2433636301054,449.03130936784515,386.1431005725888
12-07-2020,466.4194880205361,365.13722922917356,435.55205592688134,350.5389606798525
12-08-2020,457.6963209036841,370.92360435204955,433.59806982891365,331.6071780682094
12-09-2020,468.7568964757537,343.9152514984247,422.97848400485043,333.0709052455827
12-10-2020,494.09817818795403,335.7717526486727,435.6934283093862,346.8058178849753
12-11-2020,526.0769230822289,345.05519442255354,443.8460937444003,359.8604577787278
12-12-2020,565.8730549954801,329.53894176033236,430.3592027604982,336.73732623180143
12-13-2020,582.7879387995573,342.71762531729485,416.9533280816268,311.1423213002419
12-14-2020,597.2792950020538,322.25375710853046,454.59694736930317,329.23329535958
12-15-2020,571.884104895925,325.67921611915165,458.66087518059464,288.6262306059638
12-16-2020,568.1081661707545,312.89022143063175,465.51208484292937,272.7606473483517
12-17-2020,574.9342025040909,297.85634273852946,487.2358025739196,276.28342801199324
12-18-2020,575.9633679049972,292.3269452665101,472.60417052611285,280.4647637952259
12-19-2020,568.5864177628806,277.077824888686,452.71590716605516,283.572198898075
12-20-2020,577.1275310382422,286.6961906341345,420.96560416106655,243.9921134424905
12-21-2020,557.2243602398208,299.3772832624083,425.35075506764866,257.96161991564793
12-22-2020,535.0060186244373,317.0180726538514,436.5981961330256,281.42587042683937
12-23-2020,494.63679106179205,330.71648717522436,464.3849132970563,286.74948606407463
12-24-2020,467.41966950639863,311.61294617712076,443.57017623045056,277.9411053634929
12-25-2020,429.2021212598327,290.3394792669122,408.3351354940397,284.90283369771157
12-26-2020,424.2636541836179,296.9642410237197,437.75959033891917,295.14620308371866
12-27-2020,406.44238032064777,298.9472592442431,435.0629320044058,331.22130863499245
12-28-2020,371.13266274190477,296.734197432434,433.877413366277,345.39095722294996
12-29-2020,392.2780998636834,286.1827820745538,457.2787980663305,347.60494663501606
12-30-2020,386.1267204991113,305.4950124849691,424.2995808418511,354.24050555639207
12-31-2020,351.185826447814,332.3246473770091,386.36497369900087,337.0040271180831
01-01-2021,340.3568517295699,331.45319185923387,397.8708227873402,322.33151344851467
01-02-2021,350.8174665476837,319.7016578495524,397.20809276817283,294.70718726883143
01-03-2021,335.0736420796787,315.5613294932217,405.9979325139258,314.3117644466308
01-04-2021,368.0622837756076,315.20068250998304,412.3572970785991,296.14828219468967
01-05-2021,381.3293717719965,319.84481699200285,401.3594086125873,285.66557432512707
01-06-2021,415.4005896068676,346.38235820189254,397.5183992963924,283.77608816107403
01-07-2021,447.5150522079238,342.5533861085318,387.5336274624725,300.386600286743
01-08-2021,487.47083056249204,336.42477830274436,395.0060495281063,303.0589245622835
01-09-2021,487.22282906692607,357.43008838830457,354.72183854547893,324.5979345295364
01-10-2021,469.06443703007034,363.7027973934596,345.04800806619744,285.14378517667996
01-11-2021,488.70268948879493,388.2956954444109,345.09517099385636,271.09355861319517
01-12-2021,473.22573410236265,385.8123923755455,326.89700420441346,302.8837348616148
01-13-2021,467.36888264817907,384.5468959204735,352.2856016698946,305.3698932261421
01-14-2021,496.752779854,385.4236812238599,374.5909567323195,302.8537015231077
01-15-2021,488.5277164317607,348.74401033667897,377.0059681555249,285.0719952852056
01-16-2021,467.2774586919004,372.80213201416876,375.57131505649585,293.73054646665594
01-17-2021,468.6158188601435,383.8633786798823,374.6873730695843,303.45380336481674
01-18-2021,461.0676269153904,368.7687263177803,393.6016803802614,301.9913748326211
01-19-2021,445.40534565871,356.8094250843073,369.918700649708,309.20486359129944
01-20-2021,418.79249293613805,345.2008281810757,374.5792336589157,330.81588381004786
01-21-2021,413.31477922362404,354.90443482699163,391.99288348071696,335.4863321995264
01-22-2021,398.6345595895626,366.7470745958,389.08297464720727,299.8083333901999
01-23-2021,401.11383375747226,330.3760546025938,406.19193538752523,275.61871729906835
01-24-2021,441.4985932895987,334.0558777330917,426.9336879614492,291.0662824767756
01-25-2021,426.60265448403464,336.3493577699149,400.1662241456192,272.7617325217353
01-26-2021,446.21519100405277,336.7668964921271,418.60181065568867,251.7418103548808
01-27-2021,483.9746455137132,317.4669045417821,429.7604030562819,263.5782057502818
01-28-2021,482.4933659110534,293.6188025947761,415.4183414870031,267.0638270477998
01-29-2021,481.8632045096756,322.50700640604373,406.72560306818553,265.7585636311334
01-30-2021,505.8423353122222,327.7195914224752,419.4409229304575,252.1129163314079
01-31-2021,497.53309761125905,324.683837643058,403.54310804178283,239.98230090915308
02-01-2021,472.27925778165053,303.3701209426761,368.55515547514267,272.4052183396635
02-02-2021,501.0207779101209,317.442105831443,372.28297012751,281.30574753466834
02-03-2021,497.02782471568975,329.66979749007686,338.44862273226636,283.9430855716115
02-04-2021,469.02842392704196,309.1156748567468,357.41417698058166,273.27798250324093
02-05-2021,459.5895584467326,308.8253995400363,383.5030228370369,271.7973127421116
02-06-2021,420.61854459619957,323.9583582280567,376.54015583719695,289.06441280115735
02-07-2021,388.978838410514,312.8545227237154,365.66120492007275,274.7299258948809
02-08-2021,390.60937455135064,319.00116302330304,377.6840834396281,271.6473168278719
02-09-2021,355.21343815967055,340.65343044258077,391.7953187836466,280.9672614679562
02-10-2021,322.00706789574167,347.8893712979846,380.3299051272829,249.87461749629534
02-11-2021,319.85704447199817,341.65980076236394,371.20700742666213,241.8142318628827
02-12-2021,343.09631521848615,347.19989030390195,390.540473456199,281.3030447662982
02-13-2021,331.11708660469674,341.22524669615495,378.3149809971248,280.9140332057115
02-14-2021,326.3967148467972,314.27363323202724,394.5265898354229,263.19978668278014
02-15-2021,352.70188716095464,347.20429621612027,395.992469427685,237.42825174216742
02-16-2021,347.79510416673656,324.76402034032725,419.48870057390997,229.039798590173
02-17-2021,362.6793813717008,325.71630480391883,444.6323121101449,209.3814806452901
02-18-2021,386.7848995697071,328.4441120036425,433.4707249031162,208.4030966687837
02-19-2021,412.9103785159835,347.62651305031653,441.1704736551748,223.63344825531127
02-20-2021,445.01169323764697,338.0586187525938,465.81736543008634,225.48488808321358
02-21-2021,448.966026430617,313.2520427339156,465.5799526926481,247.1037003767239
02-22-2021,458.3485957148554,295.27842888392223,462.42567253846556,280.0493802546437
02-23-2021,473.4422785800695,268.51734273600437,424.3304648394028,273.358025765117
02-24-2021,502.5493558765702,287.08483366568714,418.5859783314374,297.8584823528257
02-25-2021,491.44112578356277,308.137277850751,458.5066032031574,293.84507717705566
02-26-2021,479.8041479105226,275.1897676341421,466.8631324438493,282.5971332124074
02-27-2021,457.42153286831865,254.5046178198934,467.8388188209741,311.43005542743407
02-28-2021,485.5785192589815,284.9531281468249,459.2925186205884,334.97024108907266
03-01-2021,480.6422101787074,279.1501557227199,488.47614206526754,339.51215266484206
03-02-2021,481.33571013196854,306.7371881425041,455.65084292924223,355.14647796536275
03-03-2021,499.4057170135563,288.16045209401,440.14546865318067,357.5562362121631
03-04-2021,487.7731746700679,317.43221276962316,411.4920170250186,339.3487424978019
03-05-2021,449.86710839979065,286.07200934604873,384.7836774107287,341.87658804428
03-06-2021,425.8322756877864,280.68247660163826,352.980371542913,349.5591345002471
03-07-2021,422.3636314669774,288.0465173315052,330.8174027552631,325.8494023839729
03-08-2021,415.1223379587036,313.05145794512345,316.75366778509584,306.97861435169455
03-09-2021,412.13002588398507,348.29934578175147,347.073978270624,326.33494862028726
03-10-2021,416.55626681376094,347.0115110819587,360.2828926696601,316.6829175196603
03-11-2021,425.40651603769595,319.84214741200964,330.6540549095882,318.66962257554786
03-12-2021,447.06043395443186,352.2499852886722,314.0502943284308,294.7564965529005
03-13-2021,472.3026862285664,347.5963531701406,331.5403993416258,277.3094437996701
03-14-2021,445.3377881063179,350.2960064375839,341.5387719892572,270.7331362077036
03-15-2021,465.4530808760319,347.92812388028915,322.7179178409892,263.2052900894784
03-16-2021,481.1031519881404,332.9708663972213,348.7101131061962,241.58054479859337
03-17-2021,443.4498304133594,337.7606311429741,335.5036921705368,236.93509496305418
03-18-2021,437.32555952531845,332.3889843062701,337.85770026942083,246.66148578321673
03-19-2021,465.987123670937,356.0155745726064,333.2784437365263,265.03148230767425
03-20-2021,480.3989326331318,371.47996449807255,329.1401903268051,230.26199299689688
03-21-2021,487.0598314738666,371.25889719593005,356.81866334029473,262.0920283288238
03-22-2021,510.8025653673372,361.651221765374,353.2122128497639,247.00538122991452
03-23-2021,494.9109540992218,322.6075612622857,325.8099989418473,232.49168821267125
03-24-2021,485.90620567734834,328.9641259235951,304.61846638153804,234.9152329165741
03-25-2021,500.6473198941044,330.89243268858576,317.10026857224346,248.05280174875028
03-26-2021,500.58869554813765,318.70131152942577,333.62399569157964,260.7399776467504
03-27-2021,515.4600709177242,343.688739736228,310.2425822214413,281.37632814637954
03-28-2021,528.9334252206636,318.82581197757605,297.43671647521967,268.32239691569015
03-29-2021,522.6037190246021,317.03463136852025,296.4650272524968,276.33039559847515
03-30-2021,486.5601086994053,320.88197130385544,291.52727249163047,281.5897086322338
03-31-2021,525.7076358111232,313.48347386073,315.4794548230373,302.29197795241765
04-01-2021,556.5200215821345,309.63154815745287,336.8342053869246,287.36514551507327
04-02-2021,532.3983942014311,314.6741738103471,344.15132593680886,258.6162860233124
04-03-2021,551.3546445474935,337.5232269408815,379.4694437206191,269.3358744201697
04-04-2021,544.0159091807726,342.4224695375709,384.93642311288306,249.67979886184665
04-05-2021,530.6936424094264,312.1943586949931,408.47495729951385,286.201728246697
04-06-2021,534.598096489737,334.5076974948201,428.61668798035083,281.1341650425271
04-07-2021,525.4390610486158,325.63118893091627,425.5564506129308,300.0252941215146
04-08-2021,528.1300431405963,353.72204740029076,414.96926965300446,278.4957778095719
04-09-2021,497.2346014224992,358.7972128953291,410.6288740922672,273.10623321440215
04-10-2021,467.043406610546,349.4857157522947,434.13923932557003,266.2829427678212
04-11-2021,479.74872426847054,351.9666203854676,459.0367744095475,262.70629810707766
04-12-2021,455.7687251045545,353.8160780860714,480.6835832418512,275.3843685310952
04-13-2021,458.55300017914846,343.72491219797257,479.4328028532256,278.48393392960526
04-14-2021,459.8134003406346,355.63184747655254,495.4923851161957,272.48379189921303
04-15-2021,449.5661638160758,334.68434187879,483.5808231417928,291.7318656216532
04-16-2021,461.4348769852066,340.9769201340914,474.40232735787947,293.71962401600007
04-17-2021,439.2174278061094,322.62928108015564,454.12286244448785,316.1579478886247
04-18-2021,465.0292729607518,315.8679831660205,450.28141933359154,336.1049829274499
04-19-2021,455.0430305543027,333.17210921579493,450.3628497848116,325.76885615723484
04-20-2021,463.3638582466683,333.08852982679457,423.84617292588666,313.6032411131937
04-21-2021,462.8676953651289,321.0414925486924,430.1206506042312,281.30467106685194
04-22-2021,434.6047522044294,310.0785588719673,432.47406516150704,293.37142892025093
04-23-2021,429.91106656489245,292.39261619949394,405.36176451406203,281.88868080572695
04-24-2021,428.57025219185545,297.6447866383319,396.1479872520532,292.08891973052266
04-25-2021,406.04545671901235,282.6376282411145,368.04593450029455,311.081084235524
04-26-2021,402.0117249111353,260.4218672205989,367.6585440934409,292.7731855943956
04-27-2021,402.2809402424488,276.57623999696455,386.37622725093246,290.63000449601526
04-28-2021,389.2344143591784,264.40838675776416,360.65774567473227,293.0989424445019
04-29-2021,367.70683784012914,281.5644007761959,380.9926157302981,302.1140080876141
04-30-2021,380.9934937816744,277.5822484216265,415.5889684556586,289.33492033863104
05-01-2021,393.84818742302815,273.83001889100336,436.8881608419136,294.3114025636893
05-02-2021,377.4641932381555,274.1366990160548,429.6625569271511,290.04405344263665
05-03-2021,374.13053697358947,294.5273545376736,416.8937212136004,285.8081671272311
05-04-2021,369.6108189954661,283.77003745998434,442.6014256633852,304.22977068852026
05-05-2021,378.2078966217002,297.4942565122774,443.2572103961624,305.23393447453765
05-06-2021,404.59515323861626,289.76034789525477,462.1064983786537,328.56499830367704
05-07-2021,436.1180467832168,293.2187844520073,471.1637709752954,347.1230072022913
05-08-2021,427.4326996705522,281.25882197946845,462.9488426926467,323.25556807601913
05-09-2021,448.4262572154959,293.05589337961595,465.58846730913547,321.54343628792367
05-10-2021,472.4213953027166,318.23106772915173,461.69442953877575,318.7895540270983
05-11-2021,472.46101095870563,318.78898428465334,438.5192483701802,327.7559917395838
05-12-2021,481.13817488885644,327.50211106922046,441.90363213924167,324.6237028411747
05-13-2021,484.6384807806936,346.8249174990977,418.7767422125381,323.2977763131864
05-14-2021,490.5439521470792,323.345633133524,392.5919933840206,337.1261313329821
05-15-2021,460.82034390723214,345.06364855167277,357.99621347142494,313.3551759379002
05-16-2021,458.15418707337756,340.4909357875721,364.98884869800867,305.5724051309019
05-17-2021,484.40205267157444,337.7449099271084,350.81844524253455,323.7748731165567
05-18-2021,494.7705302583321,333.01027407537555,348.6845354211483,327.53409202002814
05-19-2021,493.4841245846037,346.5302153439715,366.90818097674816,328.4935332485012
05-20-2021,466.4839990991134,338.0581285246844,347.269695712429,308.6015269247523
05-21-2021,471.4503039478357,347.90057649482543,364.58065553492236,312.81977144907165
05-22-2021,470.02989740601015,342.49673619437544,378.4240949569766,307.7921053946513
05-23-2021,474.33363950167046,339.9395418964663,404.9209950323462,322.953525859663
05-24-2021,449.2089776380356,325.3540652942326,395.9999322654799,357.4457929445128
05-25-2021,479.76500979587297,305.4283073980522,395.0246561222603,324.18500548878484
05-26-2021,476.807229647669,301.0377259584569,405.5287503601554,333.1087681395576
05-27-2021,478.6161709610947,271.12539831130215,401.6167346273237,336.63360490134784
05-28-2021,454.31045157438064,289.3063621661629,408.3342295051646,352.7887610144283
05-29-2021,454.70884851323393,268.41900129770954,407.669246139069,374.03419822208383
05-30-2021,444.5692355061712,266.13643018264275,389.6483705778783,364.57429750401076
05-31-2021,439.21371977117514,249.95908538516247,396.3189336217666,345.52819925753386
06-01-2021,437.6411255978324,262.46773050627763,414.37675941061116,343.74478513166196
06-02-2021,414.51310210737086,250.99928576864758,379.74728060830574,357.3866071656222
06-03-2021,437.2579784978243,271.3685675498125,385.0079589210316,338.9432763586919
06-04-2021,408.4905336852854,263.3776550162773,380.51121769851403,335.30809983143
06-05-2021,419.1222928695305,291.73604037592486,353.8585488735211,344.7642143164135
06-06-2021,415.74251373749,296.38350993972324,341.2632223852076,329.71958637630917
06-07-2021,438.95056923874876,305.1442819934936,325.6311002546686,299.551889028805
06-08-2021,402.441147626153,325.1397616540098,322.23479871505253,300.0597684925039
06-09-2021,395.43642827977504,316.0230329723231,325.2090771381376,291.06040576309067
06-10-2021,419.80856228696746,313.88923364765657,327.9555732600603,279.38321514013893
06-11-2021,404.83546582682715,315.7371162417259,332.55328923853443,284.7373011898859
06-12-2021,440.84883096690527,315.4014357666502,344.5640122338702,287.36014180513433
06-13-2021,475.86494821950777,352.40987534743306,370.6775741608859,303.2715071002319
06-14-2021,455.9797060144153,336.58732045527773,389.56869094099886,309.11114468831227
06-15-2021,445.63454644204865,334.59558139565587,365.66627075473696,298.15731223051813
06-16-2021,449.287770388006,332.2475114275693,365.5787783242061,303.4870744264105
06-17-2021,444.18118827073323,348.2767280591171,348.504992574838,309.2727369589065
06-18-2021,467.39939598964065,374.44787795639064,360.11774856854646,311.0440480945323
06-19-2021,497.78464388116157,368.8119261380122,373.5656168465299,292.6891644551275
06-20-2021,491.90786290814697,391.6505881638264,372.6758581115725,275.86958304638864
06-21-2021,474.568298535974,406.6216072440142,405.31343954012397,304.6164990002349
06-22-2021,495.76678744690605,389.41897703544,399.5310002572789,316.7464429569203
06-23-2021,495.30568793846265,386.9340196870457,393.1902547429269,323.53734873066776
06-24-2021,468.48832039527025,421.61021011368814,423.19715388507353,330.97835133657054
06-25-2021,505.9182739421185,429.7676408719209,428.6927865638686,316.99254514729546
06-26-2021,480.1701850125291,447.76010710399584,420.8631915758883,284.61762750039367
06-27-2021,455.92978647588325,440.6174246934232,421.8804388535647,285.7294220054517
06-28-2021,469.3775767340641,439.8123293812531,430.85953367858735,299.75170563398916
06-29-2021,473.8567847743619,427.84576576588086,423.81552500969156,325.80385050445636
06-30-2021,488.2556626833662,445.6577851484197,440.8185009372013,322.8666196119275
07-01-2021,494.57005850325953,441.9866389577687,474.7502395888228,344.8091397033547
07-02-2021,493.6830841967089,440.2007665628695,434.1676453047158,350.2815605905004
07-03-2021,492.37417743104737,409.4561075090031,454.1115693090765,369.9128221593614
07-04-2021,499.83247299362563,374.42673786391094,436.91746334443627,408.36146830702035
07-05-2021,518.0441661263184,342.42655933163456,434.26307766522115,389.5716973294623
07-06-2021,498.415945041665,357.102633947857,463.9138536146094,384.70244580732503
07-07-2021,478.55145685901016,355.60565304206006,438.531026636832,360.1627023684773
07-08-2021,490.6013385418904,351.8398723472898,406.1548272994443,360.4132241620052
07-09-2021,471.9908005113645,332.0103252570037,384.0623759295566,376.3084803105224
07-10-2021,479.94546266677554,330.0768125931836,379.11790431028766,369.0374820615201
07-11-2021,482.5975937537997,312.0394294444744,362.22391361562904,375.4256829309682
07-12-2021,462.9461952494263,336.965697058381,332.5916331484754,344.5482330018778
07-13-2021,493.40876837959837,357.11299585657446,327.5922799716703,328.53992954441526
07-14-2021,492.6749750373307,353.86770363971743,351.1098205136737,338.8973344453301
07-15-2021,464.57986442290536,329.9632038785039,340.10932033511756,333.6826623940062
07-16-2021,439.8745214566148,328.92220993785,363.1060332623338,343.54707207235106
07-17-2021,423.4233983222377,332.08595136540544,345.7753594296911,328.42351173696363
07-18-2021,407.83650427636513,353.34580289802864,375.8200993790979,291.8666672637786
07-19-2021,399.54928380470665,357.44102254813123,377.22693581522225,295.6956978138773
07-20-2021,418.541251346466,351.627543546905,349.1038463487563,302.5348774735141
07-21-2021,421.7905362932299,352.48144586651534,378.0464520790761,305.1542912492013
07-22-2021,438.2155077357129,329.5863023093761,408.308047861775,315.78303026184875
07-23-2021,429.5133919571951,336.63573917412543,419.4364233629049,293.31573521963054
07-24-2021,447.93773866300245,306.8927375892923,454.9357710800262,308.1429620789125
07-25-2021,453.98135327544,332.64081805189653,467.9706532891939,309.0905381366015
07-26-2021,452.3909357667822,304.9517891678146,493.53939563072606,327.08666700523383
07-27-2021,413.7145946666589,306.40789915074146,488.2373956464312,329.3047655597922
07-28-2021,408.3085875404336,275.93825041869445,488.22476440311095,311.3189195563591
07-29-2021,403.290747704044,271.2168206290542,505.7214480789106,317.6605614197603
07-30-2021,411.6883140640276,240.71022502105777,516.4778967448962,283.09373165506247
07-31-2021,428.2768356449829,248.1587347665182,516.7494167805517,297.85409086473834
08-01-2021,431.6209967194835,231.55958533622294,512.438013316569,301.324227233052
08-02-2021,417.38624410481043,254.54887380196445,486.05521282415117,308.23230895201124
08-03-2021,398.57450254625036,257.60791015748543,499.4974687429535,304.6547846330756
08-04-2021,401.28822562363047,258.34370017367985,507.8986298916958,319.70402789456915
08-05-2021,388.130227558665,274.26645818674456,475.73224366835217,312.71439381682455
08-06-2021,407.17134397576444,254.4033637746598,466.6021297361503,318.1025049304093
08-07-2021,401.7257314105788,252.2298366023163,452.11814924105335,344.9185335817128
08-08-2021,414.23101236103963,248.49923207751837,428.0560617112219,328.0850761676502
08-09-2021,441.6114364469692,279.2306901612807,415.9625311441136,313.7893201967509
08-10-2021,456.7332796529009,253.65332539544417,436.2670889595881,310.98448055217335
08-11-2021,480.0367124232037,278.1627086132038,402.04001063819516,308.5280758068444
08-12-2021,507.66840901751095,300.56755226341386,397.66030831713704,306.03790888735784
08-13-2021,521.5395549566084,313.2207367468301,388.6014922053053,324.8314819409615
08-14-2021,507.348332810811,306.90075530734674,380.7987539564583,318.4087325647377
08-15-2021,515.8398686321751,302.5188080936343,365.34890143804205,339.05830507930943
08-16-2021,540.1021519148857,297.34691233974127,386.63842787844936,323.4431387755872
08-17-2021,573.958163445205,275.9910178081625,382.912956889841,320.8975122958018
08-18-2021,563.2827852162625,264.63225190091026,351.927954338336,320.5417120692481
08-19-2021,570.5251271058843,248.8404466880452,377.57347566441706,299.04901373372934
08-20-2021,577.1770785926906,278.0264276309533,400.60160114426037,295.43816554227857
08-21-2021,559.5353228762896,300.8909039841581,419.11301942643684,269.27590126566713
08-22-2021,526.9638093237796,297.2017339301461,445.3359730302298,290.5741877966212
08-23-2021,535.6434613721468,277.747191257814,441.0508351982134,299.3288225637137
08-24-2021,521.5914058162442,309.3586405970946,435.78745571330677,289.72634328879036
08-25-2021,505.0949560161425,309.0591200914817,438.4824616622492,287.57867245266783
08-26-2021,512.1446841766319,282.49649529436476,418.8204622885272,273.7513683306012
08-27-2021,513.6679194191687,291.54065294027976,428.52625169403257,271.7092138620846
08-28-2021,488.86022307323117,284.95399281803356,435.4304824721531,287.69018435284994
08-29-2021,491.56467128632784,319.36863506049946,427.55202500106856,276.7315604381304
08-30-2021,489.0475962716061,300.4353446229874,425.0113270133009,266.77302576611186
